subscription_id,customer_id,plan_name,billing_cycle,seats,price_per_seat,discount_percent,mrr
SUB002,CUST002,Platform Suite,Annual,26,1800,0,3900
SUB003,CUST003,Marketing Pro,Monthly,23,85,0,1955
SUB004,CUST004,Sales Hub,Monthly,18,110,0,1980
SUB006,CUST006,Analytics Enterprise,Annual,31,2160,0,5580
SUB007,CUST007,Marketing Pro,Monthly,16,85,0,1360
SUB009,CUST009,Platform Suite,Annual,36,1800,0,5400
SUB010,CUST010,Analytics Starter,Monthly,13,45,0,585
SUB011,CUST011,Sales Hub,Monthly,18,110,0,1980
SUB012,CUST012,Analytics Growth,Monthly,27,95,0,2565
SUB014,CUST014,Marketing Pro,Monthly,28,85,0,2380
SUB016,CUST016,Platform Suite,Annual,42,1800,0,6300
SUB017,CUST017,Analytics Starter,Monthly,12,45,0,540
SUB018,CUST018,Analytics Enterprise,Monthly,35,180,0,6300
SUB019,CUST019,Marketing Pro,Monthly,19,85,0,1615
SUB020,CUST020,Sales Hub,Monthly,15,110,0,1650
SUB022,CUST022,Platform Suite,Monthly,33,150,0,4950
SUB024,CUST024,Marketing Pro,Monthly,31,85,0,2635
SUB025,CUST025,Analytics Enterprise,Annual,38,2160,0,6840
SUB027,CUST027,Sales Hub,Monthly,28,110,0,3080
SUB028,CUST028,Analytics Starter,Monthly,15,45,0,675
SUB029,CUST029,Marketing Pro,Monthly,27,85,0,2295
SUB030,CUST030,Analytics Growth,Monthly,20,95,0,1900
SUB031,CUST031,Platform Suite,Annual,45,1800,0,6750
SUB032,CUST032,Analytics Enterprise,Monthly,26,180,0,4680
SUB033,CUST033,Marketing Pro,Monthly,25,85,0,2125
SUB034,CUST034,Analytics Starter,Monthly,16,45,0,720
SUB035,CUST035,Sales Hub,Monthly,24,110,0,2640
SUB036,CUST036,Analytics Growth,Monthly,18,95,0,1710
SUB037,CUST037,Platform Suite,Monthly,35,150,0,5250
SUB038,CUST038,Analytics Starter,Monthly,13,45,0,585
SUB039,CUST039,Marketing Pro,Monthly,29,85,0,2465
SUB040,CUST040,Analytics Growth,Monthly,18,95,0,1710
SUB041,CUST001,Sales Hub,Monthly,16,110,0,1760
SUB042,CUST003,Sales Hub,Monthly,19,110,0,2090
SUB043,CUST006,Marketing Pro,Monthly,33,85,0,2805
SUB044,CUST009,Analytics Growth,Monthly,35,95,0,3325
SUB046,CUST015,Analytics Enterprise,Monthly,20,180,0,3600
SUB047,CUST022,Sales Hub,Monthly,26,110,0,2860
SUB048,CUST025,Sales Hub,Monthly,36,110,0,3960
SUB051,CUST014,Sales Hub,Monthly,19,110,0,2090
SUB052,CUST018,Marketing Pro,Monthly,35,85,0,2975
SUB053,CUST027,Analytics Enterprise,Monthly,31,180,0,5580
SUB054,CUST002,Analytics Growth,Annual,22,1140,5,1985.5
SUB056,CUST016,Marketing Pro,Monthly,38,85,0,3230
SUB057,CUST021,Platform Suite,Monthly,28,150,0,4200
SUB058,CUST024,Sales Hub,Monthly,26,110,0,2860
SUB059,CUST008,Marketing Pro,Monthly,22,85,0,1870
SUB061,CUST013,Analytics Growth,Monthly,12,95,0,1140
SUB062,CUST023,Marketing Pro,Monthly,11,85,0,935
SUB063,CUST041,Sales Hub,Monthly,28,110,0,3080
SUB064,CUST042,Analytics Growth,Monthly,32,95,0,3040
SUB065,CUST043,Platform Suite,Monthly,20,150,0,3000
SUB066,CUST044,Marketing Pro,Monthly,18,85,0,1530
SUB067,CUST045,Analytics Growth,Monthly,24,95,0,2280
SUB068,CUST046,Sales Hub,Monthly,21,110,0,2310
SUB069,CUST047,Analytics Growth,Monthly,26,95,0,2470
